{"AC000W002919142": {"mode": 3, "sp": 245, "hold_until": 1782035874.68615}, "AC000W002919128": {"mode": 3, "sp": 235, "hold_until": 1782035874.68615}, "_emergency": "none", "_aqara_down": true}