{"AC000W002919142": {"mode": 0, "sp": 200, "hold_until": 1780242329.251004}, "AC000W002919128": {"mode": 0, "sp": 265, "hold_until": 1780239655.91838}}