{"AC000W002919142": {"mode": 5, "sp": 200, "hold_until": 1780166731.654562}, "AC000W002919128": {"mode": 0, "sp": 200, "hold_until": 1780166731.654562}}