{"AC000W002919142": {"mode": 5, "sp": 200, "hold_until": 1780138856.062131}, "AC000W002919128": {"mode": 5, "sp": 180, "hold_until": 1780141534.694496}}