{"AC000W002919142": {"mode": 4, "sp": 255, "hold_until": 1782031544.064618}, "AC000W002919128": {"mode": 4, "sp": 255, "hold_until": 1782031544.064618}, "_emergency": "none", "_aqara_down": true}