{"AC000W002919142": {"mode": 0, "sp": 200, "hold_until": 1780594249.748637}, "AC000W002919128": {"mode": 0, "sp": 180, "hold_until": 1780595141.305248}, "_emergency": "none"}