{"AC000W002919142": {"mode": 0, "sp": 225, "hold_until": 1780305067.412134}, "AC000W002919128": {"mode": 0, "sp": 245, "hold_until": 1780304458.959989}}