{"AC000W002919142": {"mode": 0, "sp": 180, "hold_until": 1780335936.678515}, "AC000W002919128": {"mode": 0, "sp": 205, "hold_until": 1780334133.348528}}