{"AC000W002919142": {"mode": 5, "sp": 250, "hold_until": 1780143330.412133}, "AC000W002919128": {"mode": 5, "sp": 180, "hold_until": 1780141534.694496}}